﻿email,routing_number,account_number,balance
nrideoutmi@nsu.edu,0011-4959-0,31923667,195263
ndutchburnel@nsu.edu,0011-4959-0,39569244,965663
wlaurancegt@nsu.edu,0011-4959-0,23574215,147512
rdichee@adobe.com,0011-4959-0,35390965,762084
dmccritchiej3@nsu.edu,0011-4959-0,35256888,58252
ghalvorsen95@nsu.edu,0011-4959-0,58649442,219747
predittjv@nsu.edu,0011-4959-0,20682415,697018
dnaughton9f@nsu.edu,0011-4959-0,11818292,920089
rpointn@globo.com,0011-4959-0,24213146,150282
wspadelli8j@nsu.edu,0011-4959-0,80358214,352859
gdowtry4j@nsu.edu,0011-4959-0,45962356,677138
clelievre1q@spiegel.de,0011-4959-0,59972921,157588
jspraggon8f@nsu.edu,0011-4959-0,15779008,550312
jkasman1i@histats.com,0011-4959-0,99662797,144374
spinwillhg@nsu.edu,0011-4959-0,11394287,529283
cmaxted8c@nsu.edu,0011-4959-0,97123314,346432
kfeeney30@nsu.edu,0011-4959-0,59170012,153670
dcordeniw@nsu.edu,0011-4959-0,48941864,470541
cosgar8u@nsu.edu,0011-4959-0,39317553,513259
ldickinsbh@nsu.edu,0011-4959-0,81042836,885490
bdeavenell7o@nsu.edu,0011-4959-0,72473299,462525
amaccathayam@nsu.edu,0011-4959-0,87104824,168507
bstrangeri3@nsu.edu,0011-4959-0,73981542,39149
bbartkowiak6t@nsu.edu,0011-4959-0,69334799,194857
amarkosn0@nsu.edu,0011-4959-0,85678344,374464
cmcpolindw@nsu.edu,0011-4959-0,31786159,31138
dbrinkworth7i@nsu.edu,0011-4959-0,99008088,372277
tappleton2n@delicious.com,0011-4959-0,75725876,875783
gcordall73@nsu.edu,0011-4959-0,75433739,887123
dbarrowcloughlz@nsu.edu,0011-4959-0,82733575,270843
nheckjx@nsu.edu,0011-4959-0,74688387,37520
bspottiswoodhm@nsu.edu,0011-4959-0,15411337,327309
gmosconegr@nsu.edu,0011-4959-0,62696976,917759
akelby20@drupal.org,0011-4959-0,80179144,504362
lbyrdgk@nsu.edu,0011-4959-0,28324190,493497
mlempertz10@yandex.ru,0011-4959-0,18183075,47552
zcowl7l@nsu.edu,0011-4959-0,85584567,103256
asimonsen7z@nsu.edu,0011-4959-0,76946752,24045
pslidders4f@nsu.edu,0011-4959-0,96352171,702588
awillderjq@nsu.edu,0011-4959-0,91868804,551177
avenablesi@salon.com,0011-4959-0,80367377,421223
cmcallof@nsu.edu,0011-4959-0,43061349,773449
lsekulla8w@nsu.edu,0011-4959-0,74734914,606721
atorrejon3c@nsu.edu,0011-4959-0,29985937,304019
hmccurts@vinaora.com,0011-4959-0,80010792,99947
alillecrop1u@about.com,0011-4959-0,30890692,651086
ofumagalliqv@nsu.edu,0011-4959-0,57354762,304635
wsemechikci@nsu.edu,0011-4959-0,66956306,256552
ttremollet2t@nsu.edu,0011-4959-0,31383318,698348
srubinivitzlu@nsu.edu,0011-4959-0,47497080,385296
ascohiergc@nsu.edu,0011-4959-0,87758233,463309
ihannondki@nsu.edu,0011-4959-0,41832799,905084
avirr66@nsu.edu,0011-4959-0,81456186,967558
dgoodenoughgs@nsu.edu,0011-4959-0,24252963,811594
rscampm5@nsu.edu,0011-4959-0,22647286,785121
kkiesselhe@nsu.edu,0011-4959-0,42382655,10949
tkorting48@nsu.edu,0011-4959-0,47702202,107361
mbuesdennk@nsu.edu,0011-4959-0,33733372,203627
rcayton5r@nsu.edu,0011-4959-0,48019151,524396
selliker1v@ibm.com,0011-4959-0,84707706,388094
rstanwixm3@nsu.edu,0011-4959-0,97649063,714491
ehaspineallfb@nsu.edu,0011-4959-0,43929474,487003
onewlindl@nsu.edu,0011-4959-0,85827656,538991
gdeblaseer@nsu.edu,0011-4959-0,31282435,117037
vcawr7@nsu.edu,0011-4959-0,93226877,436657
glibbie7q@nsu.edu,0011-4959-0,87666532,920803
emillhill6q@nsu.edu,0011-4959-0,42269937,23276
iciobotarujm@nsu.edu,0011-4959-0,47564782,212022
mfairhamf0@nsu.edu,0011-4959-0,40798945,216420
gnorecb@nsu.edu,0011-4959-0,33948942,465075
rgoulbornegn@nsu.edu,0011-4959-0,25870036,584147
bspencleyka@nsu.edu,0011-4959-0,57005233,954144
hleroy7s@nsu.edu,0011-4959-0,71739202,933314
dbrigstocko2@nsu.edu,0011-4959-0,74180849,793834
nlarhamap@nsu.edu,0011-4959-0,30562614,296895
mcrumlyfk@nsu.edu,0011-4959-0,92625854,614763
jcarvil9@economist.com,0011-4959-0,37342905,399756
jboultwoodre@nsu.edu,0011-4959-0,10699368,167943
jcory4w@nsu.edu,0011-4959-0,19535553,461180
pkirklandrq@nsu.edu,0011-4959-0,25249472,550148
rkorneichikbg@nsu.edu,0011-4959-0,58703085,895556
aforsythay@nsu.edu,0011-4959-0,77470014,304873
kperle7k@nsu.edu,0011-4959-0,38424261,203044
cpaulone4@nsu.edu,0011-4959-0,51317643,784982
solooneybx@nsu.edu,0011-4959-0,28901371,446075
tdairtonp8@nsu.edu,0011-4959-0,35358735,769447
feeles4r@nsu.edu,0011-4959-0,74422220,273792
bmaclaverty2v@nsu.edu,0011-4959-0,57019906,991910
lstuddeard7r@nsu.edu,0011-4959-0,66076629,84652
rburtwistler8@nsu.edu,0011-4959-0,23193347,337257
cmabbsdt@nsu.edu,0011-4959-0,17565072,600262
fdeans6l@nsu.edu,0011-4959-0,19227503,590815
bmalbonee@nsu.edu,0011-4959-0,64138851,154037
dbraffington7n@nsu.edu,0011-4959-0,95444292,113123
cgabeyeb@nsu.edu,0011-4959-0,25150607,835367
dlawteye2@nsu.edu,0011-4959-0,52547650,746375
mickowics63@nsu.edu,0011-4959-0,91921519,795332
qricardoufm@nsu.edu,0011-4959-0,57590924,685629
ogajownikly@nsu.edu,0011-4959-0,93831077,448209
oreppaportr0@nsu.edu,0011-4959-0,33857217,12499
ccaldeiropf@nsu.edu,0710-4743-1,76583268,803549
kmusslewhitedp@nsu.edu,0710-4743-1,15765782,476799
dparlettkw@nsu.edu,0710-4743-1,18253254,675285
msprackling43@nsu.edu,0710-4743-1,47718895,10608
tandino92@nsu.edu,0710-4743-1,80044302,462831
jwooderson5q@nsu.edu,0710-4743-1,86432367,402555
jgarrood8v@nsu.edu,0710-4743-1,63791992,476162
fstodartdu@nsu.edu,0710-4743-1,42438300,880025
gescalanteg4@nsu.edu,0710-4743-1,92062158,731425
gmackall4z@nsu.edu,0710-4743-1,54053868,323993
fthunder1p@webs.com,0710-4743-1,16168687,320383
fjacquemypl@nsu.edu,0710-4743-1,92310940,403084
edionisiih1@nsu.edu,0710-4743-1,84623717,421423
lcootesj9@nsu.edu,0710-4743-1,48437708,796095
mashling8s@nsu.edu,0710-4743-1,56315337,637825
ccolteneh@nsu.edu,0710-4743-1,55843654,95370
bparkenl7@nsu.edu,0710-4743-1,15302122,331206
itompkinson28@pcworld.com,0710-4743-1,32341196,938707
lcuffehv@nsu.edu,0710-4743-1,31603320,778084
vrissonh@nsu.edu,0710-4743-1,76248123,974211
dabelson7x@nsu.edu,0710-4743-1,85847210,247277
jberntjd@nsu.edu,0710-4743-1,65367928,257170
ituppm2@nsu.edu,0710-4743-1,22466777,654566
vconquest69@nsu.edu,0710-4743-1,15776383,723527
ebullardig@nsu.edu,0710-4743-1,34142773,330885
dgurge15@jimdo.com,0710-4743-1,86769953,298027
belfordb@yahoo.co.jp,0710-4743-1,60279015,794987
eorrick96@nsu.edu,0710-4743-1,64458467,602004
psarfat78@nsu.edu,0710-4743-1,71212838,797137
rwomack49@nsu.edu,0710-4743-1,41803696,41356
eovenden5y@nsu.edu,0710-4743-1,78241855,74217
whasnney2b@biblegateway.com,0710-4743-1,53617341,518786
mromayniq@nsu.edu,0710-4743-1,32674737,10001
fcapronqr@nsu.edu,0710-4743-1,57169785,316798
lmcmanusmc@nsu.edu,0710-4743-1,22272231,436863
lthornberbk@nsu.edu,0710-4743-1,79553917,450835
pstartehp@nsu.edu,0710-4743-1,43278664,410321
gechalieh4@nsu.edu,0710-4743-1,68118046,971057
eswanbourneq0@nsu.edu,0710-4743-1,95732862,932087
shaydones@nsu.edu,0710-4743-1,24069996,775441
lcicchinellib5@nsu.edu,0710-4743-1,31392793,256640
jjewettjh@nsu.edu,0710-4743-1,23473193,678592
rvanderhoeven9h@nsu.edu,0710-4743-1,25968916,588849
tizzatt4e@nsu.edu,0710-4743-1,16360340,467261
abartoszek16@reuters.com,0710-4743-1,34891252,950947
ctelezhking7@nsu.edu,0710-4743-1,49660436,370968
elyfecx@nsu.edu,0710-4743-1,56021997,257109
adebellis2@mit.edu,0710-4743-1,39881599,771733
rbuchankl@nsu.edu,0710-4743-1,11622189,15758
abithellon@nsu.edu,0710-4743-1,69855786,430385
cdiffley5w@nsu.edu,0710-4743-1,28372860,135722
nscougallba@nsu.edu,0710-4743-1,14540696,719864
naspcu@nsu.edu,0710-4743-1,33091975,228626
dairthno@nsu.edu,0710-4743-1,13634903,597313
jthwaite4l@nsu.edu,0710-4743-1,30918205,374710
ebromagei6@nsu.edu,0710-4743-1,70669910,789275
mtuxell5t@nsu.edu,0710-4743-1,45321186,783092
cjedrzejewskypo@nsu.edu,0710-4743-1,32212952,411893
hjehaes86@nsu.edu,0710-4743-1,69781335,911725
jkruszelnickik3@nsu.edu,0710-4743-1,89399789,297024
oflahiveif@nsu.edu,0710-4743-1,47841558,981483
kbennike0@merriam-webster.com,0710-4743-1,16197576,337218
ikneesha3v@nsu.edu,0710-4743-1,10183054,414065
cdutnallr1@nsu.edu,0710-4743-1,44290192,475806
hcapellee6@nsu.edu,0710-4743-1,56377370,403121
hreavellhk@nsu.edu,0710-4743-1,38247261,73673
gdignall3j@nsu.edu,0710-4743-1,79233507,84784
cpennettalf@nsu.edu,0710-4743-1,29321565,145615
ahaskerjg@nsu.edu,0710-4743-1,11592080,801212
cdullardbp@nsu.edu,0710-4743-1,27881669,721030
cfridpm@nsu.edu,0710-4743-1,85008511,143045
mamymo@nsu.edu,0710-4743-1,66789341,303035
pboundey37@nsu.edu,0710-4743-1,95987580,698476
eparmanpy@nsu.edu,0710-4743-1,26292267,975128
pclampettfg@nsu.edu,0710-4743-1,33246428,867048
bdenevehs@nsu.edu,0710-4743-1,15191620,191733
mbuddenqw@nsu.edu,0710-4743-1,65343173,440735
cceaser3h@nsu.edu,0710-4743-1,29217797,227808
strenamanhu@nsu.edu,0710-4743-1,10907469,249357
pbortolazziol@nsu.edu,0710-4743-1,41623212,608048
zcornillibb@nsu.edu,0710-4743-1,97352054,122892
gearngycp@nsu.edu,0710-4743-1,35843754,127259
tgettonei8@nsu.edu,0710-4743-1,13510285,752983
gpendry79@nsu.edu,0710-4743-1,81217629,464034
kwilcockesfx@nsu.edu,0710-4743-1,31704317,869876
slittledike1a@dyndns.org,0710-4743-1,26137124,80227
tpollock7j@nsu.edu,0710-4743-1,25182857,60218
rdellenbroker6c@nsu.edu,0710-4743-1,37259121,374858
mbernasekrm@nsu.edu,0710-4743-1,38725066,955787
hbintonme@nsu.edu,0710-4743-1,65757803,724890
acazindy@nsu.edu,0710-4743-1,72200777,292040
tlinebargerh@flickr.com,0710-4743-1,77029447,740325
jtestro45@nsu.edu,0710-4743-1,75752829,43850
ltortispi@nsu.edu,0710-4743-1,59705901,509659
wfranzenct@nsu.edu,0710-4743-1,56920170,974394
ecortingq@nsu.edu,0710-4743-1,72175247,660504
msigward5v@nsu.edu,0710-4743-1,78674497,870517
ltayspellhb@nsu.edu,0710-4743-1,61192935,311865
fleere4c@nsu.edu,0710-4743-1,77929168,926378
ubotfield11@state.gov,0710-4743-1,34026688,848763
dlepick3b@nsu.edu,1200-6837-0,33896204,54852
rwoofindeno1@nsu.edu,1200-6837-0,89527521,267754
ncoggerp5@nsu.edu,1200-6837-0,96116116,526554
deliassenqz@nsu.edu,1200-6837-0,42953230,194376
sgounel2h@amazon.co.jp,1200-6837-0,78495971,802628
lbaillie1d@mayoclinic.com,1200-6837-0,20498517,491759
myacob50@nsu.edu,1200-6837-0,65079464,811215
rofallon3u@nsu.edu,1200-6837-0,74609108,875200
gwerendellez@nsu.edu,1200-6837-0,90503616,381422
swonterql@nsu.edu,1200-6837-0,15939121,836964
schivrall6x@nsu.edu,1200-6837-0,59898843,555162
bthirtle65@nsu.edu,1200-6837-0,91522838,924453
kbramhallhd@nsu.edu,1200-6837-0,55697943,148527
hcostonrb@nsu.edu,1200-6837-0,86507752,333477
jwhisbyqk@nsu.edu,1200-6837-0,33060408,747459
gpitfieldpg@nsu.edu,1200-6837-0,91433925,561070
nwillishire6s@nsu.edu,1200-6837-0,56537647,943030
wucceli3y@nsu.edu,1200-6837-0,14271079,135344
smaricin@nsu.edu,1200-6837-0,92942658,739744
cwoolacottlv@nsu.edu,1200-6837-0,20593207,981481
irozzell5z@nsu.edu,1200-6837-0,33017067,936850
bfeatherstonegu@nsu.edu,1200-6837-0,24679617,584003
hivakhin9i@nsu.edu,1200-6837-0,10535381,187958
jmacclay9n@nsu.edu,1200-6837-0,81361253,870725
jfowle13@amazonaws.com,1200-6837-0,22306571,329474
kwinsorqe@nsu.edu,1200-6837-0,73832028,697626
abastoneoc@nsu.edu,1200-6837-0,46583252,789362
asheldrakeok@nsu.edu,1200-6837-0,55086333,917785
bpetrowskye9@nsu.edu,1200-6837-0,43141604,189834
lmacalorenc7@nsu.edu,1200-6837-0,87780123,804575
cdunstony@storify.com,1200-6837-0,43589594,944462
sjancaj@wikimedia.org,1200-6837-0,15342058,48684
bloughney1m@storify.com,1200-6837-0,35803858,868328
bjerratschpd@nsu.edu,1200-6837-0,12558110,417552
rmacfadzeanp0@nsu.edu,1200-6837-0,16270918,137789
pjenner6e@nsu.edu,1200-6837-0,96278926,54413
kjurczak1z@liveinternet.ru,1200-6837-0,46268663,180126
mfantonerp@nsu.edu,1200-6837-0,76967760,335819
ccaulket7u@nsu.edu,1200-6837-0,49248945,806302
jlush8q@nsu.edu,1200-6837-0,65640613,406133
sjeana8@nsu.edu,1200-6837-0,74372811,677090
cnesfieldnj@nsu.edu,1200-6837-0,19698306,196701
gmussilliev@nsu.edu,1200-6837-0,53996857,147248
gbealar@nsu.edu,1200-6837-0,24035477,739159
bcolliberq@alexa.com,1200-6837-0,24327977,209609
ctyttertonad@nsu.edu,1200-6837-0,68248031,337286
oleishman5g@nsu.edu,1200-6837-0,93163324,938833
sbelshamoa@nsu.edu,1200-6837-0,23482641,342591
cstritton5h@nsu.edu,1200-6837-0,15669946,405653
mlortzingew@nsu.edu,1200-6837-0,55483799,229408
ladlingtonal@nsu.edu,1200-6837-0,27391391,30801
mmessinghammw@nsu.edu,1200-6837-0,25334167,409045
mbentingn7@nsu.edu,1200-6837-0,70925644,948013
gmenegorl@nsu.edu,1200-6837-0,24728394,867201
itousy89@nsu.edu,1200-6837-0,48110589,697852
msporlew@unicef.org,1200-6837-0,11713118,666717
drussellao@nsu.edu,1200-6837-0,93612342,524184
rnassyl4@nsu.edu,1200-6837-0,33921294,295769
mshopcott6a@nsu.edu,1200-6837-0,46209060,216986
mderricoatfq@nsu.edu,1200-6837-0,51431228,435503
nbarrar2g@technorati.com,1200-6837-0,43324925,56424
jharse2o@tripod.com,1200-6837-0,23089215,675362
sboostmd@nsu.edu,1200-6837-0,14327160,526955
jscarfeou@nsu.edu,1200-6837-0,80643352,556257
glilliman64@nsu.edu,1200-6837-0,12748884,919617
mmacalasterdr@nsu.edu,1200-6837-0,73574104,270976
kdomanski9o@nsu.edu,1200-6837-0,97056246,272671
mbarrowsi7@nsu.edu,1200-6837-0,55656320,91069
gschultzeix@nsu.edu,1200-6837-0,24442037,865329
bcaplinnu@nsu.edu,1200-6837-0,61171354,946542
vfoynes2r@house.gov,1200-6837-0,33852114,409233
scribbin5a@nsu.edu,1200-6837-0,39419570,784183
avinkjk@nsu.edu,1200-6837-0,47348646,250454
ksaill6m@nsu.edu,1200-6837-0,45608556,9125
mlaxstondx@nsu.edu,1200-6837-0,67760800,142184
pranscome2j@newyorker.com,1200-6837-0,54056442,421557
sbarwello9@nsu.edu,1200-6837-0,36146845,580059
kmayb9@nsu.edu,1200-6837-0,28765350,41872
rglanvillenm@nsu.edu,1200-6837-0,55313459,292321
gwayeei@nsu.edu,1200-6837-0,62595474,513444
bmcquilty9s@nsu.edu,1200-6837-0,86145628,540339
rmalesm1@nsu.edu,1200-6837-0,46358683,178495
jbraidr@tumblr.com,1200-6837-0,26848921,933573
nturonepc@nsu.edu,1200-6837-0,43422332,712904
mjeffersqs@nsu.edu,1200-6837-0,21088771,513020
jketchn4@nsu.edu,1200-6837-0,84686914,943337
abattrick5k@nsu.edu,1200-6837-0,11841338,145358
dklebesbs@nsu.edu,1200-6837-0,31060329,936769
rlennardeen@nsu.edu,1200-6837-0,63943864,242763
gpaniman1w@yellowpages.com,1200-6837-0,51255860,467567
bwaterdrinker1l@state.tx.us,1200-6837-0,29517280,654080
sfussen8z@nsu.edu,1200-6837-0,63550023,935716
abeedomo8@nsu.edu,1200-6837-0,85503617,465892
lmckeeow@nsu.edu,1200-6837-0,62587855,311692
cdingivan99@nsu.edu,1200-6837-0,33675403,509441
jbullardh6@nsu.edu,1200-6837-0,19604544,502924
mmckelloch7a@nsu.edu,1200-6837-0,80863508,66329
rnelissen2c@techcrunch.com,1200-6837-0,78584731,394711
wdevorill6b@nsu.edu,1200-6837-0,51473073,471571
adegoeyr4@nsu.edu,1200-6837-0,79698222,844178
jgrelakcj@nsu.edu,1787-2826-5,87728457,386960
crizzillo6g@nsu.edu,1787-2826-5,89308118,527503
wgimenoo5@nsu.edu,1787-2826-5,34176463,377479
vclewarthf1@nsu.edu,1787-2826-5,70058424,409508
pgorbellpj@nsu.edu,1787-2826-5,82774147,324209
apfeiferi1@nsu.edu,1787-2826-5,28852548,559998
drubyq3@nsu.edu,1787-2826-5,49652047,321891
kricciardiellobf@nsu.edu,1787-2826-5,79999422,696535
wtopleya4@nsu.edu,1787-2826-5,61165660,16110
dnorcockl8@nsu.edu,1787-2826-5,21512620,274801
mlightollerk1@nsu.edu,1787-2826-5,79002073,605797
syarrowi5@nsu.edu,1787-2826-5,21449596,592444
bduggetms@nsu.edu,1787-2826-5,78877885,146729
dpeyntueqp@nsu.edu,1787-2826-5,16804922,510904
dcardonc1@nsu.edu,1787-2826-5,75770993,300735
wkermit8b@nsu.edu,1787-2826-5,91138100,683919
vchallin8@issuu.com,1787-2826-5,49784507,740175
scamellibm@nsu.edu,1787-2826-5,69139512,745389
shestroprg@nsu.edu,1787-2826-5,79118257,827134
dclearie54@nsu.edu,1787-2826-5,60356653,684974
omcevilly12@xing.com,1787-2826-5,68852932,429678
dthompsett24@domainmarket.com,1787-2826-5,39442738,589357
tmintoffpx@nsu.edu,1787-2826-5,80127648,535522
mesmonde9r@nsu.edu,1787-2826-5,47313294,372726
sasserg9@nsu.edu,1787-2826-5,20837193,469200
gnorley6r@nsu.edu,1787-2826-5,45181023,313225
nborlesshh@nsu.edu,1787-2826-5,10423306,104663
srowling81@nsu.edu,1787-2826-5,36931219,822361
cbagwellax@nsu.edu,1787-2826-5,89367520,536763
bstaubyndf@nsu.edu,1787-2826-5,38890071,989204
pmcchruiterlg@nsu.edu,1787-2826-5,79558280,477860
mtrathanhw@nsu.edu,1787-2826-5,54707442,212739
ohardsonn3@nsu.edu,1787-2826-5,75992380,294932
cgamlinpv@nsu.edu,1787-2826-5,30410171,133608
bhubbucke3k@nsu.edu,1787-2826-5,10854133,118165
rgrigoryevbu@nsu.edu,1787-2826-5,22967732,531886
lscrimshireae@nsu.edu,1787-2826-5,71738166,437708
wmcgarvaoh@nsu.edu,1787-2826-5,19955117,594338
elortzqt@nsu.edu,1787-2826-5,32448642,279658
ppellettt@linkedin.com,1787-2826-5,36687381,241179
rbathoejy@nsu.edu,1787-2826-5,49309659,258218
smcmennumh5@nsu.edu,1787-2826-5,44222383,301200
pscarisbrickmh@nsu.edu,1787-2826-5,73337061,125653
rdollenic@nsu.edu,1787-2826-5,97066077,621133
bluttypu@nsu.edu,1787-2826-5,70610594,396100
afoulghamit@nsu.edu,1787-2826-5,35463897,551637
greadettlb@nsu.edu,1787-2826-5,34547380,700697
fschellejf@nsu.edu,1787-2826-5,45311990,210521
imacgruerkc@nsu.edu,1787-2826-5,95112835,600069
ahamillqg@nsu.edu,1787-2826-5,29018760,298572
tmattekgo@nsu.edu,1787-2826-5,40097288,664299
habreyg5@nsu.edu,1787-2826-5,16965269,213347
mbellshamcd@nsu.edu,1787-2826-5,37047190,681375
kprantll6@nsu.edu,1787-2826-5,98545146,876629
gfotitto0@nsu.edu,1787-2826-5,89559481,564125
ghankey4v@nsu.edu,1787-2826-5,17244063,746498
gfulmenr9@nsu.edu,1787-2826-5,31692254,954137
qstewardq5@nsu.edu,1787-2826-5,18124181,128609
pmathouseda@nsu.edu,1787-2826-5,73440411,647225
emcteaguedk@nsu.edu,1787-2826-5,41829718,483846
ecritchellop@nsu.edu,1787-2826-5,54333694,394438
ebarukhjo@nsu.edu,1787-2826-5,82257197,734210
ogirardezjp@nsu.edu,1787-2826-5,96204582,882783
gallwarddm@nsu.edu,1787-2826-5,22516198,867663
fscowcroft3g@nsu.edu,1787-2826-5,12209568,645345
adallaway7c@nsu.edu,1787-2826-5,28447185,765196
agabbitasns@nsu.edu,1787-2826-5,81331945,63926
fwaylandj5@nsu.edu,1787-2826-5,32790164,372671
adaybornei9@nsu.edu,1787-2826-5,53026101,377326
gdiamentk6@nsu.edu,1787-2826-5,83622372,853754
lkissock9p@nsu.edu,1787-2826-5,37141173,547036
tbrowerca@nsu.edu,1787-2826-5,83108155,995953
mbamptongy@nsu.edu,1787-2826-5,67503090,55394
dantonionic0@nsu.edu,1787-2826-5,39884280,342978
etroy4x@nsu.edu,1787-2826-5,68027688,539576
sshark8p@nsu.edu,1787-2826-5,98203211,692626
crounsefell9w@nsu.edu,1787-2826-5,62584156,421217
ndeyeh2@nsu.edu,1787-2826-5,97850073,977591
cbebisnn@nsu.edu,1787-2826-5,57357860,672181
ayarddc@nsu.edu,1787-2826-5,97096509,501796
msomersetz@opera.com,1787-2826-5,22442370,566552
dnobeshj@nsu.edu,1787-2826-5,51274523,563233
eoleszczak9l@nsu.edu,1787-2826-5,68083160,944420
kruperted@nsu.edu,1787-2826-5,48394805,116489
tmorrottq9@nsu.edu,1787-2826-5,34728682,831570
jcaverhillld@nsu.edu,1787-2826-5,88713642,473753
adenisovoaz@nsu.edu,1787-2826-5,63733920,193076
npackfu@nsu.edu,1787-2826-5,64198165,258906
smcquorkellng@nsu.edu,1787-2826-5,89874174,468165
jcrippillea@nsu.edu,1787-2826-5,10139049,113758
swaiton2k@sourceforge.net,1787-2826-5,39080741,608852
lthackham2x@nsu.edu,1787-2826-5,32529803,685034
dburditt8t@nsu.edu,1787-2826-5,32258279,90514
chatzarpk@nsu.edu,1787-2826-5,64127276,596576
lmingardi5u@nsu.edu,1787-2826-5,39496995,190872
gdelahayea@hud.gov,1787-2826-5,27143799,583499
blucio41@nsu.edu,1787-2826-5,47001521,749248
cgiacomucciqf@nsu.edu,1787-2826-5,47875517,502636
jtukesbygp@nsu.edu,1787-2826-5,52872894,229076
drembrandtjt@nsu.edu,1787-2826-5,57853840,358150
tdolanli@nsu.edu,2301-7752-2,23687178,148885
gmcarte6f@nsu.edu,2301-7752-2,97921630,916120
hhehll3@nsu.edu,2301-7752-2,27187050,349447
mhextog@nsu.edu,2301-7752-2,26828268,762225
eshawlag@nsu.edu,2301-7752-2,48292326,496776
gbulwardqi@nsu.edu,2301-7752-2,83236257,279470
npickinfo@nsu.edu,2301-7752-2,66627613,218151
rlefriec62@nsu.edu,2301-7752-2,79575421,175542
gleddie3a@nsu.edu,2301-7752-2,48610311,586669
afidilis36@nsu.edu,2301-7752-2,17817077,716796
zmegroff57@nsu.edu,2301-7752-2,97021350,336587
astudholmer6@nsu.edu,2301-7752-2,10772817,972046
munderhill9e@nsu.edu,2301-7752-2,21703838,304995
gperrett7h@nsu.edu,2301-7752-2,32180473,779103
jjelkesco@nsu.edu,2301-7752-2,59336951,147452
gorrillx@apple.com,2301-7752-2,59799517,431242
keverett6n@nsu.edu,2301-7752-2,16924903,368320
balenove1@nsu.edu,2301-7752-2,82713143,645786
ljohannessonqm@nsu.edu,2301-7752-2,61268683,719784
ameganyhn@nsu.edu,2301-7752-2,95829652,49780
mlisleai@nsu.edu,2301-7752-2,26718042,277219
gambrosch35@nsu.edu,2301-7752-2,88735020,458075
fchiesek@360.cn,2301-7752-2,58809020,469313
eolyfatef@nsu.edu,2301-7752-2,44793730,268443
jaclandg1@nsu.edu,2301-7752-2,87128245,293842
mmalimhf@nsu.edu,2301-7752-2,55840461,505321
tchastagnierii@nsu.edu,2301-7752-2,80765737,216256
spenquetpq@nsu.edu,2301-7752-2,22614940,468747
kfaint5s@nsu.edu,2301-7752-2,16315696,823229
rkoenenh7@nsu.edu,2301-7752-2,43391207,293903
jstiegersfs@nsu.edu,2301-7752-2,37511372,390174
zstrodder8d@nsu.edu,2301-7752-2,63278040,257375
mdearlepalserri@nsu.edu,2301-7752-2,54697555,66838
cjaquiss58@nsu.edu,2301-7752-2,97059703,680256
kdableja@nsu.edu,2301-7752-2,57641143,248608
lbissill4o@nsu.edu,2301-7752-2,90606865,885867
rickeringillrj@nsu.edu,2301-7752-2,56622245,563807
gmustard83@nsu.edu,2301-7752-2,73679837,219688
bbackshq@nsu.edu,2301-7752-2,96245891,754322
aitzchakinf@nsu.edu,2301-7752-2,74946838,84493
pdesaurk7@nsu.edu,2301-7752-2,97864183,819610
sghidoniko@nsu.edu,2301-7752-2,53166239,219229
smatussevichh3@nsu.edu,2301-7752-2,89985474,571175
bscriven8m@nsu.edu,2301-7752-2,66986081,22653
ckenion7y@nsu.edu,2301-7752-2,59215562,760390
eodonohuenx@nsu.edu,2301-7752-2,29186960,159072
mlabrow6u@nsu.edu,2301-7752-2,11224730,443127
ldmitrievskira@nsu.edu,2301-7752-2,97669345,617044
jbaggfp@nsu.edu,2301-7752-2,67666953,564863
gtrundlek9@nsu.edu,2301-7752-2,33114893,98313
wbossom7t@nsu.edu,2301-7752-2,42383847,626007
mtuftgd@nsu.edu,2301-7752-2,50940472,910183
ldailyrh@nsu.edu,2301-7752-2,44694414,14651
agislebert84@nsu.edu,2301-7752-2,71978159,295965
abrodie9b@nsu.edu,2301-7752-2,12941313,137011
sblofieldke@nsu.edu,2301-7752-2,43154111,201805
jgiffonf@github.io,2301-7752-2,12371873,502937
pbelderfieldcc@nsu.edu,2301-7752-2,84148083,837791
bmathy7@discovery.com,2301-7752-2,36030215,155904
caskiek0@nsu.edu,2301-7752-2,29044533,973532
belsmor2l@epa.gov,2301-7752-2,53992063,421810
msmorfit80@nsu.edu,2301-7752-2,99161783,581266
gwaddingtonah@nsu.edu,2301-7752-2,26025625,644035
sslyfordpz@nsu.edu,2301-7752-2,97586082,609600
dhawtrymt@nsu.edu,2301-7752-2,54404592,926621
awardernz@nsu.edu,2301-7752-2,51990533,213923
rjirekot@nsu.edu,2301-7752-2,35629862,36796
jbulloughna@nsu.edu,2301-7752-2,61019144,220660
hgoolden4t@nsu.edu,2301-7752-2,76127459,48832
adawdry76@nsu.edu,2301-7752-2,83205420,669425
tcoulman60@nsu.edu,2301-7752-2,31590099,2227
mbidwellc3@nsu.edu,2301-7752-2,30237644,695180
ctolmienr@nsu.edu,2301-7752-2,14585541,351937
rlammertdd@nsu.edu,2301-7752-2,53030807,226393
gbalas91@nsu.edu,2301-7752-2,85129883,373705
cdavinet6d@nsu.edu,2301-7752-2,52258864,146122
szannini5x@nsu.edu,2301-7752-2,44831183,832158
jponting5d@nsu.edu,2301-7752-2,46615906,271233
planceleyne@nsu.edu,2301-7752-2,73820163,596514
mdobbsox@nsu.edu,2301-7752-2,70021282,526627
shagertylp@nsu.edu,2301-7752-2,92439968,982158
hmarzelord@nsu.edu,2301-7752-2,57684895,173956
ddimeo53@nsu.edu,2301-7752-2,55960998,520784
cshearafa@nsu.edu,2301-7752-2,35156493,964341
jflegha@nsu.edu,2301-7752-2,90869412,989841
vblackford7w@nsu.edu,2301-7752-2,39774763,824427
mcapron7d@nsu.edu,2301-7752-2,10767644,941309
bmaasze6z@nsu.edu,2301-7752-2,80251228,484328
lcastellacciofw@nsu.edu,2301-7752-2,43038287,641137
smarielleq2@nsu.edu,2301-7752-2,24013168,202200
sshewry3e@nsu.edu,2301-7752-2,23521210,221537
igaskinpn@nsu.edu,2301-7752-2,64792518,907259
mbaxilley@nsu.edu,2301-7752-2,37548809,248595
mwhitbyqo@nsu.edu,2301-7752-2,65461665,588842
abromilowf6@nsu.edu,2301-7752-2,12501418,967479
htoffaninikm@nsu.edu,2301-7752-2,27413070,220706
segglesonmy@nsu.edu,2301-7752-2,97899608,340030
pwhithamo3@nsu.edu,2301-7752-2,73296930,443562
vsteers27@seesaa.net,2301-7752-2,90577638,742596
mmacginlaydj@nsu.edu,2301-7752-2,95510197,134177
ivittetob@nsu.edu,3108-1147-0,48200670,595891
sseifenmacherhz@nsu.edu,3108-1147-0,71989270,252674
bsibyllaqj@nsu.edu,3108-1147-0,61886973,483127
epeirpoint9z@nsu.edu,3108-1147-0,94964718,312465
qdockseyk4@nsu.edu,3108-1147-0,42529490,990958
kredwooda6@nsu.edu,3108-1147-0,61070698,911286
tmartenpa@nsu.edu,3108-1147-0,64500349,307892
bollerhead6v@nsu.edu,3108-1147-0,66912520,319536
tbeggsrf@nsu.edu,3108-1147-0,21485428,813081
dforestallkz@nsu.edu,3108-1147-0,89266099,182210
achatellq@nsu.edu,3108-1147-0,44665286,400556
hfollitmu@nsu.edu,3108-1147-0,36266077,766824
bdimondih@nsu.edu,3108-1147-0,74632886,17575
rweipperti4@nsu.edu,3108-1147-0,66775973,867833
tgrigorips@nsu.edu,3108-1147-0,42750799,638575
paltimas97@nsu.edu,3108-1147-0,87968421,608441
dsquelch3t@nsu.edu,3108-1147-0,52271787,779175
jcurstonor@nsu.edu,3108-1147-0,49807915,742784
lsprayio@nsu.edu,3108-1147-0,42659246,737816
rsennettph@nsu.edu,3108-1147-0,83189461,424500
cantonacci6p@nsu.edu,3108-1147-0,16857232,622961
jsizzeypp@nsu.edu,3108-1147-0,50788330,607052
jsagg5p@nsu.edu,3108-1147-0,78097126,179981
baccumgg@nsu.edu,3108-1147-0,28983442,294282
aridolfofl@nsu.edu,3108-1147-0,20122563,501263
olief52@nsu.edu,3108-1147-0,27776419,326748
lpoltunr5@nsu.edu,3108-1147-0,34776743,641556
daddams9d@nsu.edu,3108-1147-0,25545173,318250
jpietroni3i@nsu.edu,3108-1147-0,52853627,570807
crontree9q@nsu.edu,3108-1147-0,25716512,323082
aepgraveau@nsu.edu,3108-1147-0,76694581,105096
swrenn2e@rakuten.co.jp,3108-1147-0,25822299,166351
ddolegh@nsu.edu,3108-1147-0,22875816,480641
mriddler55@nsu.edu,3108-1147-0,46367312,19453
mtupperiv@nsu.edu,3108-1147-0,23051273,584332
pfarronc6@nsu.edu,3108-1147-0,40967017,925735
rwhickmanc8@nsu.edu,3108-1147-0,77566857,847480
nconsidinegv@nsu.edu,3108-1147-0,77694154,940413
mcremincr@nsu.edu,3108-1147-0,85214138,687809
mnewardnp@nsu.edu,3108-1147-0,98676694,191852
cklyner56@nsu.edu,3108-1147-0,63735916,65646
esavaageho@nsu.edu,3108-1147-0,20728717,836528
rburgiseqc@nsu.edu,3108-1147-0,90672101,157199
aduigenan6@alibaba.com,3108-1147-0,54515103,809900
rfriary2d@phoca.cz,3108-1147-0,35464282,372177
tsellandn2@nsu.edu,3108-1147-0,28918453,175661
tevangelinos4b@nsu.edu,3108-1147-0,90142148,913073
agoodselld8@nsu.edu,3108-1147-0,60434570,129323
agoly4g@nsu.edu,3108-1147-0,92496655,447122
tcooksleyhl@nsu.edu,3108-1147-0,39192710,562545
sgudemanb8@nsu.edu,3108-1147-0,36531858,704478
rstanelandj2@nsu.edu,3108-1147-0,50945070,434370
ovillafi@nsu.edu,3108-1147-0,51739653,370959
stice87@nsu.edu,3108-1147-0,14819105,696096
lbuttrickpr@nsu.edu,3108-1147-0,13367127,72607
mkempton8e@nsu.edu,3108-1147-0,93472974,9576
rkorneev47@nsu.edu,3108-1147-0,24457470,581509
aiacovuzzil1@nsu.edu,3108-1147-0,53127657,9996
mgudeman44@nsu.edu,3108-1147-0,49300424,616557
sbouzek39@nsu.edu,3108-1147-0,15134974,159665
acastelliji@nsu.edu,3108-1147-0,78725521,585123
wpougherdo@nsu.edu,3108-1147-0,15473496,714258
gshepherdson8k@nsu.edu,3108-1147-0,24091553,917973
ehuychem4@nsu.edu,3108-1147-0,87726360,959319
rrobuchonhr@nsu.edu,3108-1147-0,66665351,237074
lhouldcroftb7@nsu.edu,3108-1147-0,50148233,982288
lcrebbingm@nsu.edu,3108-1147-0,73380591,630326
eangelod3@nsu.edu,3108-1147-0,96416630,393005
tdriffield77@nsu.edu,3108-1147-0,32877241,573077
tmcinultyqh@nsu.edu,3108-1147-0,11945565,858025
rraweso7@nsu.edu,3108-1147-0,84982968,239937
tbrightey72@nsu.edu,3108-1147-0,32811254,150764
lgilcriest17@mapy.cz,3108-1147-0,54549242,984438
iswyera0@nsu.edu,3108-1147-0,20249505,952221
bottewella2@nsu.edu,3108-1147-0,23028697,484484
cvardie6y@nsu.edu,3108-1147-0,65408782,378309
ielecumku@nsu.edu,3108-1147-0,74153021,449327
ddoustff@nsu.edu,3108-1147-0,19718283,737148
mnewmanhy@nsu.edu,3108-1147-0,76553353,899183
rtattershallf3@nsu.edu,3108-1147-0,57540750,640404
fmcall42@nsu.edu,3108-1147-0,53314940,748012
skeohanec2@nsu.edu,3108-1147-0,56922397,658112
jjiracekqy@nsu.edu,3108-1147-0,77594086,619296
splewsj8@nsu.edu,3108-1147-0,43860605,222139
jbrechinoz@nsu.edu,3108-1147-0,22378483,900557
kstuke9u@nsu.edu,3108-1147-0,94354424,791806
ltumaas@nsu.edu,3108-1147-0,13146056,821268
ccellier31@nsu.edu,3108-1147-0,79211178,598915
bleversonmq@nsu.edu,3108-1147-0,24663460,816589
rpickfordir@nsu.edu,3108-1147-0,46323837,664588
garmer59@nsu.edu,3108-1147-0,94430155,902404
hbowdon9a@nsu.edu,3108-1147-0,65719438,212482
oyarkeriz@nsu.edu,3108-1147-0,11180980,919562
ebogace2p@ibm.com,3108-1147-0,46629491,225368
btwaitsb4@nsu.edu,3108-1147-0,16574081,578163
rcottesfordnl@nsu.edu,3108-1147-0,98912766,929081
wdelongcw@nsu.edu,3108-1147-0,47844531,30609
gscoynefn@nsu.edu,3108-1147-0,43111128,313352
fmcaviyjz@nsu.edu,3108-1147-0,88248673,373287
ksappellom@nsu.edu,3108-1147-0,55768436,55594
rmcwhin4i@nsu.edu,3863-4156-5,21649119,548754
espincksd@wunderground.com,3863-4156-5,14285085,560944
glennonqx@nsu.edu,3863-4156-5,93339985,453542
cchatteris1r@usgs.gov,3863-4156-5,23493685,738522
dcaserijl@nsu.edu,3863-4156-5,75735219,858538
cheersl5@nsu.edu,3863-4156-5,37407410,837259
abaloghm7@nsu.edu,3863-4156-5,48634695,581605
rdelmontig2@nsu.edu,3863-4156-5,19601651,554336
lkennac5@nsu.edu,3863-4156-5,44742823,128602
kcallinan29@ftc.gov,3863-4156-5,17871411,999865
atythacott4a@nsu.edu,3863-4156-5,28355368,518373
pbartomeu7b@nsu.edu,3863-4156-5,92703325,576188
obuddelljn@nsu.edu,3863-4156-5,51277911,123559
mreeves46@nsu.edu,3863-4156-5,42929331,270804
rswanbournemn@nsu.edu,3863-4156-5,35043002,891533
cmcelhargyg0@nsu.edu,3863-4156-5,19491976,505547
tgeffenp7@nsu.edu,3863-4156-5,50291720,308434
scorleyis@nsu.edu,3863-4156-5,55673806,46653
womara8l@nsu.edu,3863-4156-5,41938061,235186
tmanus40@nsu.edu,3863-4156-5,13350649,10948
hmaleac@nsu.edu,3863-4156-5,10218436,79915
gkubesbn@nsu.edu,3863-4156-5,78549727,244948
toseland4q@nsu.edu,3863-4156-5,75756125,996822
myork4u@nsu.edu,3863-4156-5,30327450,277769
llangangx@nsu.edu,3863-4156-5,37071882,852860
bbywaters2y@nsu.edu,3863-4156-5,79916820,833925
dkildead0@nsu.edu,3863-4156-5,86138195,583418
gbrocktond6@nsu.edu,3863-4156-5,67078131,500733
mnardif4@nsu.edu,3863-4156-5,74781351,849809
bgianottigl@nsu.edu,3863-4156-5,37864841,918467
mnieldrn@nsu.edu,3863-4156-5,17631498,770131
csichardteo@nsu.edu,3863-4156-5,90466043,169355
ckingswoodqb@nsu.edu,3863-4156-5,21901083,277058
twhimpej@nsu.edu,3863-4156-5,14048870,991336
deliasson7f@nsu.edu,3863-4156-5,33674134,514951
ssextonekt@nsu.edu,3863-4156-5,28053041,541325
kpatrono1o@eepurl.com,3863-4156-5,69111629,515817
rgontiernv@nsu.edu,3863-4156-5,18575819,597561
pnetley4n@nsu.edu,3863-4156-5,77816876,961375
mgoatman9m@nsu.edu,3863-4156-5,13478939,147239
vwyse61@nsu.edu,3863-4156-5,79071955,818423
nkubul9@nsu.edu,3863-4156-5,87043641,739584
rpittmanq6@nsu.edu,3863-4156-5,29912459,152683
jproppersbt@nsu.edu,3863-4156-5,42772278,849217
tivesia@nsu.edu,3863-4156-5,85307763,566444
sodriscolln5@nsu.edu,3863-4156-5,52300755,429031
ploxdaleeg@nsu.edu,3863-4156-5,25772621,616036
kbouzek4d@nsu.edu,3863-4156-5,49529256,330594
avasentsovf8@nsu.edu,3863-4156-5,79811321,762010
hglasscockj6@nsu.edu,3863-4156-5,71133494,430823
spolglaseo@amazon.co.uk,3863-4156-5,59446724,269291
mstapele34@nsu.edu,3863-4156-5,85821397,931324
llerenc@nsu.edu,3863-4156-5,28024291,361333
bstanifordr2@nsu.edu,3863-4156-5,80853864,908558
msalvatore3m@nsu.edu,3863-4156-5,33846143,558594
vfuenteslr@nsu.edu,3863-4156-5,19725355,635787
deddowdn@nsu.edu,3863-4156-5,35410145,83800
gspringettim@nsu.edu,3863-4156-5,39575232,632951
bsearston6w@nsu.edu,3863-4156-5,54207317,640308
mdrache3p@nsu.edu,3863-4156-5,88322447,640611
nlawb2@nsu.edu,3863-4156-5,30173907,768410
lkleinercy@nsu.edu,3863-4156-5,20152434,296846
dknottlx@nsu.edu,3863-4156-5,96401314,647016
sshropsheir6j@nsu.edu,3863-4156-5,62787054,684006
aferencowicznt@nsu.edu,3863-4156-5,78165229,944886
lkopeciu@nsu.edu,3863-4156-5,74591555,979988
rbastonemx@nsu.edu,3863-4156-5,38756510,458779
nshemelthc@nsu.edu,3863-4156-5,40705599,827291
tthewysu@php.net,3863-4156-5,69040236,99874
fnisslekb@nsu.edu,3863-4156-5,87285183,461679
ssemarkd4@nsu.edu,3863-4156-5,80649982,745847
eferandezks@nsu.edu,3863-4156-5,58031328,252954
mbabonau82@nsu.edu,3863-4156-5,98244591,898404
mmeo22@goo.gl,3863-4156-5,14652728,847474
ffarrallh0@nsu.edu,3863-4156-5,74683374,188201
mbromagef5@nsu.edu,3863-4156-5,41121355,522520
sabraminkf@nsu.edu,3863-4156-5,49004350,614073
jomarag3@nsu.edu,3863-4156-5,69162369,155633
sakkerqn@nsu.edu,3863-4156-5,39728572,48548
rpabloslc@nsu.edu,3863-4156-5,80653996,269211
kwolffersd5@nsu.edu,3863-4156-5,99943501,579703
matyeo1@vk.com,3863-4156-5,45559458,52250
spapez8g@nsu.edu,3863-4156-5,20154535,42352
bsimonssonp6@nsu.edu,3863-4156-5,46499168,15154
estanerfh@nsu.edu,3863-4156-5,95655144,437563
htaylor74@nsu.edu,3863-4156-5,67673606,1726
astitte7@nsu.edu,3863-4156-5,19917226,628785
fwinchester4@purevolume.com,3863-4156-5,63675529,807850
lbarokbv@nsu.edu,3863-4156-5,73741101,560851
jvakhlovrk@nsu.edu,3863-4156-5,54788095,438952
nmcgraydz@nsu.edu,3863-4156-5,21843016,556583
cstrangewaysos@nsu.edu,3863-4156-5,62595336,9824
smennelll@globo.com,3863-4156-5,24676864,50477
erosenbloome5@nsu.edu,3863-4156-5,89377590,245420
prumboldjs@nsu.edu,3863-4156-5,66908618,848275
ykopec5o@nsu.edu,3863-4156-5,12976622,209173
aalbers7g@nsu.edu,3863-4156-5,72876262,208176
brussanmm@nsu.edu,3863-4156-5,28584244,714440
ablood8y@nsu.edu,3863-4156-5,63569272,589985
ebradderlw@nsu.edu,3863-4156-5,83858084,689314
hbuckel1g@amazon.co.jp,6733-9697-2,10790224,12400
tbaynesl0@nsu.edu,6733-9697-2,97832282,464805
bgiddensqq@nsu.edu,6733-9697-2,53815438,980623
bleadstonaw@nsu.edu,6733-9697-2,29877109,666879
hheatlie5m@nsu.edu,6733-9697-2,81839329,90310
bquarlesaj@nsu.edu,6733-9697-2,65789253,494760
jcraythorne6h@nsu.edu,6733-9697-2,62388621,341191
vblancaf@nsu.edu,6733-9697-2,38085411,779186
cdomneyjw@nsu.edu,6733-9697-2,71739767,421826
tmountneyls@nsu.edu,6733-9697-2,71172513,59294
ncolenutt8r@nsu.edu,6733-9697-2,30387197,660355
sbrufff2@nsu.edu,6733-9697-2,13814078,731009
kyabsleyln@nsu.edu,6733-9697-2,48807278,680105
cguisotck@nsu.edu,6733-9697-2,37108163,239261
dgilmorebw@nsu.edu,6733-9697-2,91553001,142549
ltrippie@nsu.edu,6733-9697-2,97074649,619524
rblaaschp1@nsu.edu,6733-9697-2,89725604,346550
anassau4p@nsu.edu,6733-9697-2,57228230,745819
pgresham9x@nsu.edu,6733-9697-2,62062020,772742
aadriaens1e@psu.edu,6733-9697-2,45435355,138753
kbartolacci3s@nsu.edu,6733-9697-2,71149588,958790
ebaudyfv@nsu.edu,6733-9697-2,37922519,742079
dgrogona33@nsu.edu,6733-9697-2,36503557,406518
bsheildsep@nsu.edu,6733-9697-2,16841397,427864
jalbuttq8@nsu.edu,6733-9697-2,75646715,778441
gfahyb3@nsu.edu,6733-9697-2,62116267,26936
aanthilli2@nsu.edu,6733-9697-2,13304820,941222
rmaccagueds@nsu.edu,6733-9697-2,12713882,186390
sshillama1@nsu.edu,6733-9697-2,99066078,534854
nromagnosikx@nsu.edu,6733-9697-2,85093215,179233
cmansellbo@nsu.edu,6733-9697-2,41840301,476591
lcardenaskp@nsu.edu,6733-9697-2,31903580,473343
drosemang8@nsu.edu,6733-9697-2,68428061,7186
iholdall8o@nsu.edu,6733-9697-2,62679280,486888
cgabbatt8a@nsu.edu,6733-9697-2,39697128,121209
gmcrillq7@nsu.edu,6733-9697-2,46301212,625160
vbaxandall1t@ustream.tv,6733-9697-2,72194081,6305
gbengtssoncq@nsu.edu,6733-9697-2,76505685,622677
rdrif7@nsu.edu,6733-9697-2,85224935,716223
lhandleymr@nsu.edu,6733-9697-2,21476495,417879
svillaretoe@nsu.edu,6733-9697-2,46236347,360462
tjaqueshi@nsu.edu,6733-9697-2,91700735,917363
areenex@nsu.edu,6733-9697-2,40234787,10524
swethersdh@nsu.edu,6733-9697-2,89027281,487444
dnaughtonmz@nsu.edu,6733-9697-2,40915582,684569
clucianip@nsu.edu,6733-9697-2,73685502,274147
gpartrick8x@nsu.edu,6733-9697-2,98692227,762270
clynaghmp@nsu.edu,6733-9697-2,53457403,24244
mhalcrorr@nsu.edu,6733-9697-2,24823912,175622
dbaldoni1s@bloglovin.com,6733-9697-2,46139530,298207
khounihann1@nsu.edu,6733-9697-2,94105120,543055
agligoracibq@nsu.edu,6733-9697-2,12644423,451886
fsanthousedb@nsu.edu,6733-9697-2,10186438,995820
agiddense3@nsu.edu,6733-9697-2,49373870,814525
bsauternq@nsu.edu,6733-9697-2,89601285,275648
ggrigoli1k@webmd.com,6733-9697-2,95153313,717350
rmacgilmartinat@nsu.edu,6733-9697-2,64423137,671211
jblackbournmv@nsu.edu,6733-9697-2,62681815,950118
mkellieem@nsu.edu,6733-9697-2,61567115,980830
ahaxellil@nsu.edu,6733-9697-2,38143024,973096
rstorrock1b@drupal.org,6733-9697-2,39267087,494741
tpearman9y@nsu.edu,6733-9697-2,79926052,717475
fewbanks5i@nsu.edu,6733-9697-2,74269510,908111
phansard9g@nsu.edu,6733-9697-2,62051655,603503
jmoormanm8@nsu.edu,6733-9697-2,29915545,186972
bbrigge6o@nsu.edu,6733-9697-2,66809150,880386
ljeaffersonfr@nsu.edu,6733-9697-2,44881908,47656
jlongshawgb@nsu.edu,6733-9697-2,69851826,904251
cbengerkd@nsu.edu,6733-9697-2,68492128,473983
egillmanlt@nsu.edu,6733-9697-2,69969030,100713
awanstall3l@nsu.edu,6733-9697-2,52614256,250092
sloughtonkq@nsu.edu,6733-9697-2,74694582,866309
kalexandrescu5@mysql.com,6733-9697-2,45457301,473801
melstoneik@nsu.edu,6733-9697-2,62976175,84904
omullanek2@nsu.edu,6733-9697-2,35353058,542565
jzukermanoo@nsu.edu,6733-9697-2,81505996,292553
cvarleym0@nsu.edu,6733-9697-2,19009319,105409
ksmidmoor7e@nsu.edu,6733-9697-2,76477169,582118
abockeec@nsu.edu,6733-9697-2,66786705,910776
belleringtonmf@nsu.edu,6733-9697-2,43224675,177814
aromanettiju@nsu.edu,6733-9697-2,19947925,365479
ktristramak@nsu.edu,6733-9697-2,37364832,955554
rsirrellj7@nsu.edu,6733-9697-2,57840597,428702
cwanden2i@mayoclinic.com,6733-9697-2,33821934,357779
lspreadbury75@nsu.edu,6733-9697-2,57219781,142634
rroydsft@nsu.edu,6733-9697-2,98588158,903110
mphillpsk8@nsu.edu,6733-9697-2,17030505,880735
fcorcoran7v@nsu.edu,6733-9697-2,76555463,823936
jmaile26@unesco.org,6733-9697-2,56698477,569797
mmaccumeskey23@timesonline.co.uk,6733-9697-2,31340223,394422
mandraultbz@nsu.edu,6733-9697-2,87584746,31553
mufflh@nsu.edu,6733-9697-2,99006039,323896
ktarboxpb@nsu.edu,6733-9697-2,84985081,994575
arichardssonde@nsu.edu,6733-9697-2,93977313,482938
apaulsenib@nsu.edu,6733-9697-2,68888437,704154
ashutt3r@nsu.edu,6733-9697-2,69311681,61644
kpatullogj@nsu.edu,6733-9697-2,82879332,967060
twhiteareq@nsu.edu,6733-9697-2,68220644,94936
dofiellyd7@nsu.edu,6733-9697-2,46930545,832963
wvaadelandby@nsu.edu,6733-9697-2,72452220,198222
ljoannic3f@nsu.edu,7601-9951-1,87860713,92876
rshaveld9@nsu.edu,7601-9951-1,94573642,848427
lforgeg6@nsu.edu,7601-9951-1,94588729,73727
icabbell32@nsu.edu,7601-9951-1,28419896,620693
jbarnacloughl2@nsu.edu,7601-9951-1,65014012,303679
lmuffetti0@nsu.edu,7601-9951-1,57432977,611763
fkearypt@nsu.edu,7601-9951-1,71326417,309165
dcapnerk5@nsu.edu,7601-9951-1,86900399,967109
bvanichkov6k@nsu.edu,7601-9951-1,81935757,10270
uchalfantlk@nsu.edu,7601-9951-1,66038226,622530
scrowdenht@nsu.edu,7601-9951-1,37591548,718910
cvasichev3q@nsu.edu,7601-9951-1,57221241,890895
smedcalfmg@nsu.edu,7601-9951-1,50793007,8504
mrigmondek@nsu.edu,7601-9951-1,22588958,354439
kstretepe@nsu.edu,7601-9951-1,14477855,367215
areaperj0@nsu.edu,7601-9951-1,70514330,262799
chazeldeankg@nsu.edu,7601-9951-1,94385010,380422
hbeldoniy@nsu.edu,7601-9951-1,52330604,754382
cbraidwoodav@nsu.edu,7601-9951-1,26302896,226773
lludlamme1x@tinypic.com,7601-9951-1,28128820,819779
klongfortho6@nsu.edu,7601-9951-1,39553683,568242
peddicott9v@nsu.edu,7601-9951-1,19958698,174521
tbladendv@nsu.edu,7601-9951-1,26883189,694964
madamkiewicz1n@wikipedia.org,7601-9951-1,64920437,176307
esarlebc@nsu.edu,7601-9951-1,29985167,706209
ezoppie1f@dyndns.org,7601-9951-1,30421839,744467
mlennardekn@nsu.edu,7601-9951-1,70847921,166505
tlewishamn6@nsu.edu,7601-9951-1,43325713,237075
bgrund94@nsu.edu,7601-9951-1,71370345,739984
fmckiedg@nsu.edu,7601-9951-1,56026273,439939
mgeorgi5b@nsu.edu,7601-9951-1,87053615,783788
ncurromcm@nsu.edu,7601-9951-1,24665446,978368
qalexsandrovichcg@nsu.edu,7601-9951-1,91628907,213361
ggoveyjj@nsu.edu,7601-9951-1,99440390,704926
tfoan98@nsu.edu,7601-9951-1,96436177,973012
freiglara5@nsu.edu,7601-9951-1,10637416,354594
kgedney5c@nsu.edu,7601-9951-1,45449487,512588
kbradderce@nsu.edu,7601-9951-1,98873773,466899
kikinsky@nsu.edu,7601-9951-1,63603254,567549
tinch4k@nsu.edu,7601-9951-1,63670847,497296
fjansonjr@nsu.edu,7601-9951-1,26038983,370519
clangsburyab@nsu.edu,7601-9951-1,76996126,644117
wcradydq@nsu.edu,7601-9951-1,41863693,961334
tgeydon2m@geocities.com,7601-9951-1,94236810,303862
bnisena7@nsu.edu,7601-9951-1,75382828,752180
ktreacherj4@nsu.edu,7601-9951-1,92331959,542953
dmccallion9t@nsu.edu,7601-9951-1,29705118,524265
htreadgall67@nsu.edu,7601-9951-1,98646346,561847
gbachnic5n@nsu.edu,7601-9951-1,56101853,281718
rwoodfordnd@nsu.edu,7601-9951-1,35923127,283977
dshille8@nsu.edu,7601-9951-1,65081235,823085
bobraymj@nsu.edu,7601-9951-1,48135509,412865
vizaac3w@nsu.edu,7601-9951-1,83792880,946424
awhiskerd2s@nsu.edu,7601-9951-1,70972482,756667
lsteptowaq@nsu.edu,7601-9951-1,60693269,435034
gdruce2z@nsu.edu,7601-9951-1,50552734,136461
tcarnegie2q@ucoz.ru,7601-9951-1,53709483,851091
wbrierly85@nsu.edu,7601-9951-1,53751643,866531
eitscowicz7m@nsu.edu,7601-9951-1,77163026,87523
akibbeequ@nsu.edu,7601-9951-1,20083744,368449
cswitlandcn@nsu.edu,7601-9951-1,34962707,890492
lclawe8h@nsu.edu,7601-9951-1,16024732,707198
landrysek5f@nsu.edu,7601-9951-1,69743005,216948
gbasiloneo4@nsu.edu,7601-9951-1,20329258,756271
fgomer8i@nsu.edu,7601-9951-1,70249530,119700
akordtgw@nsu.edu,7601-9951-1,82156173,817011
vlardnarkr@nsu.edu,7601-9951-1,46681603,799462
rstewartsonnb@nsu.edu,7601-9951-1,58871775,278014
fsimmiga9@nsu.edu,7601-9951-1,82776379,317439
ipykeoq@nsu.edu,7601-9951-1,96568527,351621
lundrill4y@nsu.edu,7601-9951-1,42205110,121782
edumberellfd@nsu.edu,7601-9951-1,85600773,996025
escullyfe@nsu.edu,7601-9951-1,11510830,671766
cfrenschc9@nsu.edu,7601-9951-1,15599441,236870
fdalstonbd@nsu.edu,7601-9951-1,57535226,140224
bdurringtonp2@nsu.edu,7601-9951-1,82484671,713923
cspradbery9c@nsu.edu,7601-9951-1,55052487,281148
bgori88@nsu.edu,7601-9951-1,38274957,311663
wquilleashhx@nsu.edu,7601-9951-1,17408500,575393
sgerrancz@nsu.edu,7601-9951-1,75705990,435196
sgoomesm6@nsu.edu,7601-9951-1,80988251,542869
gpantridgebr@nsu.edu,7601-9951-1,14291658,384606
imoorfieldkh@nsu.edu,7601-9951-1,58663423,62411
ghandsoy@nsu.edu,7601-9951-1,76981216,812120
rwarlowga@nsu.edu,7601-9951-1,18591704,831647
isharram21@blog.com,7601-9951-1,17996982,87189
wandreolettify@nsu.edu,7601-9951-1,76122594,292389
kdreakinmb@nsu.edu,7601-9951-1,16449779,766384
jjakellj@nsu.edu,7601-9951-1,33963661,762934
tfosseyan@nsu.edu,7601-9951-1,66550239,259953
tfoxenjc@nsu.edu,7601-9951-1,13329637,648750
chardenn8@nsu.edu,7601-9951-1,44842740,483176
cbattellcs@nsu.edu,7601-9951-1,47071289,257833
egaynsfordbe@nsu.edu,7601-9951-1,17679188,832226
dwimmersq4@nsu.edu,7601-9951-1,15221445,147458
crichardtov@nsu.edu,7601-9951-1,31858586,420324
amarzelli3@purevolume.com,7601-9951-1,54428760,156407
sgeratasch3x@nsu.edu,7601-9951-1,61037512,228790
mclynterrc@nsu.edu,7601-9951-1,77557201,340042
sledes1j@icq.com,7601-9951-1,97242925,689708
mpfiffer1c@about.me,8228-7496-1,77530691,284060
alaysondi@nsu.edu,8228-7496-1,26598740,562582
vgreatorex3z@nsu.edu,8228-7496-1,73365423,658168
dmclachlanbi@nsu.edu,8228-7496-1,11206323,841759
bhearnshawfj@nsu.edu,8228-7496-1,12817652,581493
rceschiniml@nsu.edu,8228-7496-1,46777789,78575
lblanninoj@nsu.edu,8228-7496-1,60695665,529869
mjohnstonev@posterous.com,8228-7496-1,66917706,733539
wpautard19@hugedomains.com,8228-7496-1,33331699,330331
bgladbeckeu@nsu.edu,8228-7496-1,21845221,625585
tprosekc4@nsu.edu,8228-7496-1,24540279,419553
ksnoddy38@nsu.edu,8228-7496-1,44575991,870537
qsearl2f@trellian.com,8228-7496-1,17834112,281527
clochet6i@nsu.edu,8228-7496-1,63518065,148814
hpiepera3@nsu.edu,8228-7496-1,63532600,883366
asherr5l@nsu.edu,8228-7496-1,42993081,27043
olenox5j@nsu.edu,8228-7496-1,27523242,851862
kmoulsdallkk@nsu.edu,8228-7496-1,65826771,786978
eamott90@nsu.edu,8228-7496-1,52109995,865279
frosiellokj@nsu.edu,8228-7496-1,97407413,315286
tmacgilfoyled2@nsu.edu,8228-7496-1,32619295,211976
amcpartlin2w@nsu.edu,8228-7496-1,94693227,463122
amoggan70@nsu.edu,8228-7496-1,84889761,999634
adurandb1@nsu.edu,8228-7496-1,99705632,917685
heastcott3o@nsu.edu,8228-7496-1,37461854,515246
rmessham4m@nsu.edu,8228-7496-1,67243961,381080
dtellwrightcv@nsu.edu,8228-7496-1,59640497,605914
rstogillcl@nsu.edu,8228-7496-1,73363513,384778
aferedayoi@nsu.edu,8228-7496-1,13430070,788613
ilamminll@nsu.edu,8228-7496-1,52472448,107764
uogelbekv@nsu.edu,8228-7496-1,22132898,844785
hsanbrookh9@nsu.edu,8228-7496-1,58126537,546907
mlowdyanejb@nsu.edu,8228-7496-1,38282409,12295
dsaltsberger14@wunderground.com,8228-7496-1,23844440,931406
ajeffs51@nsu.edu,8228-7496-1,18576987,108805
ssimmondsbl@nsu.edu,8228-7496-1,80344359,381082
sperullinw@nsu.edu,8228-7496-1,22581223,994955
ajillinslm@nsu.edu,8228-7496-1,63352983,510744
abrandoneb6@nsu.edu,8228-7496-1,68140719,499181
emasurelge@nsu.edu,8228-7496-1,35545153,393210
zcallis3n@nsu.edu,8228-7496-1,16814319,312225
ainglissc@github.com,8228-7496-1,14012072,819188
cbeetonje@nsu.edu,8228-7496-1,10073688,151590
avanderweedenburget@nsu.edu,8228-7496-1,88594633,472853
tberesfordp4@nsu.edu,8228-7496-1,16733147,860500
jpairemanq1@nsu.edu,8228-7496-1,21666295,736226
hjedras68@nsu.edu,8228-7496-1,79980458,523590
tbice4s@nsu.edu,8228-7496-1,69342347,777818
bgiannazzigf@nsu.edu,8228-7496-1,43552885,274106
shanneyj1@nsu.edu,8228-7496-1,27465400,750589
dmchardyla@nsu.edu,8228-7496-1,47015479,846306
ssorleyn9@nsu.edu,8228-7496-1,66312401,293951
cjacobowiczp9@nsu.edu,8228-7496-1,35827652,815915
kwhiley1h@nymag.com,8228-7496-1,17366731,451957
echristofides8n@nsu.edu,8228-7496-1,31276086,115650
ewithers9j@nsu.edu,8228-7496-1,36266345,661519
ddinnegesma@nsu.edu,8228-7496-1,40490506,887386
lokill25@answers.com,8228-7496-1,26097703,466146
qstandbrooked1@nsu.edu,8228-7496-1,69572639,737924
cgrininch@nsu.edu,8228-7496-1,29912892,891537
chatchettelo@nsu.edu,8228-7496-1,87641576,802664
kurwenmk@nsu.edu,8228-7496-1,96141496,925683
pwareingf9@nsu.edu,8228-7496-1,12012203,808082
lwebberro@nsu.edu,8228-7496-1,31792550,613475
lborgnee0@nsu.edu,8228-7496-1,47845128,263844
moakhillij@nsu.edu,8228-7496-1,71004476,173831
cregardsoefz@nsu.edu,8228-7496-1,57588541,719378
cinesonpw@nsu.edu,8228-7496-1,63605915,780128
elindebergh8@nsu.edu,8228-7496-1,36249392,772975
tplaisterny@nsu.edu,8228-7496-1,95827172,801168
cshinnp3@nsu.edu,8228-7496-1,29798217,686779
mdepietrim@list-manage.com,8228-7496-1,72216583,372490
hnoel2a@bloglines.com,8228-7496-1,97637929,248445
ariochqa@nsu.edu,8228-7496-1,29431709,106891
wcristofanoid@nsu.edu,8228-7496-1,42616506,563254
zcorssenm9@nsu.edu,8228-7496-1,21160789,386607
rkerneb0@nsu.edu,8228-7496-1,94798797,406392
npartkyaod@nsu.edu,8228-7496-1,11204463,516377
mtaggett9k@nsu.edu,8228-7496-1,93474186,592144
qmawbyqd@nsu.edu,8228-7496-1,88574797,801034
divantsovgz@nsu.edu,8228-7496-1,23660525,947367
ggricebj@nsu.edu,8228-7496-1,39723155,804857
bsawdonni@nsu.edu,8228-7496-1,21565572,471794
sskinleyaa@nsu.edu,8228-7496-1,75050467,297881
asheppardg@google.nl,8228-7496-1,53715146,532241
sgreensmith18@vkontakte.ru,8228-7496-1,16334938,569217
flowensohnfc@nsu.edu,8228-7496-1,85197487,618399
cthumann4h@nsu.edu,8228-7496-1,59698952,25441
jkittel3d@nsu.edu,8228-7496-1,80781356,283160
pbowsher2u@nsu.edu,8228-7496-1,32621638,446592
wtheusscf@nsu.edu,8228-7496-1,75876935,510051
tbuncomp@stumbleupon.com,8228-7496-1,20255890,40636
akikke71@nsu.edu,8228-7496-1,47421297,594845
eeland93@nsu.edu,8228-7496-1,98779138,352641
shollow7p@nsu.edu,8228-7496-1,76759491,775427
pdewdenyle@nsu.edu,8228-7496-1,96105961,933535
meddington5e@nsu.edu,8228-7496-1,59692944,758965
ogorker3@nsu.edu,8228-7496-1,34332545,766117
vudden1y@phoca.cz,8228-7496-1,56910349,163405
ascneidergi@nsu.edu,8228-7496-1,45431345,553394